{
  "fill" : {
    "automatic-gradient" : "display-p3:1.00000,1.00000,1.00000,1.00000"
  },
  "groups" : [
    {
      "blend-mode-specializations" : [
        {
          "value" : "normal"
        },
        {
          "appearance" : "dark",
          "value" : "normal"
        }
      ],
      "blur-material" : null,
      "layers" : [
        {
          "blend-mode" : "normal",
          "fill-specializations" : [
            {
              "value" : {
                "solid" : "display-p3:0.54150,0.79541,0.44214,1.00000"
              }
            },
            {
              "appearance" : "dark",
              "value" : {
                "solid" : "display-p3:0.13184,0.06839,0.15484,1.00000"
              }
            }
          ],
          "glass" : true,
          "hidden" : false,
          "image-name" : "Track-3.svg",
          "name" : "Track-3",
          "position" : {
            "scale" : 1.85,
            "translation-in-points" : [
              -61,
              3.4296875
            ]
          }
        },
        {
          "fill-specializations" : [
            {
              "value" : {
                "solid" : "display-p3:0.70996,0.86670,0.44312,1.00000"
              }
            },
            {
              "appearance" : "dark",
              "value" : {
                "solid" : "display-p3:0.34912,0.70215,0.63525,1.00000"
              }
            }
          ],
          "glass" : true,
          "hidden" : false,
          "image-name" : "Track-3.svg",
          "name" : "Track-3",
          "position" : {
            "scale" : 1,
            "translation-in-points" : [
              19,
              5
            ]
          }
        },
        {
          "fill-specializations" : [
            {
              "value" : {
                "solid" : "display-p3:0.39209,0.78027,0.61963,1.00000"
              }
            },
            {
              "appearance" : "dark",
              "value" : {
                "solid" : "display-p3:0.18823,0.39990,0.50977,1.00000"
              }
            }
          ],
          "glass" : true,
          "hidden" : false,
          "image-name" : "Track-3.svg",
          "name" : "Track-3",
          "position" : {
            "scale" : 1.3,
            "translation-in-points" : [
              -78,
              7.453125
            ]
          }
        },
        {
          "blend-mode" : "normal",
          "fill-specializations" : [
            {
              "value" : {
                "solid" : "display-p3:0.30591,0.63525,0.64697,1.00000"
              }
            },
            {
              "appearance" : "dark",
              "value" : {
                "solid" : "display-p3:0.21570,0.11768,0.26660,1.00000"
              }
            }
          ],
          "glass" : true,
          "hidden" : false,
          "image-name" : "Track-3.svg",
          "name" : "Track-3",
          "position" : {
            "scale" : 0.66,
            "translation-in-points" : [
              48,
              7
            ]
          }
        }
      ],
      "lighting" : "individual",
      "position" : {
        "scale" : 1,
        "translation-in-points" : [
          53.3,
          -3.6328125
        ]
      },
      "shadow" : {
        "kind" : "layer-color",
        "opacity" : 0.59
      },
      "specular" : true,
      "translucency" : {
        "enabled" : false,
        "value" : 0.5
      }
    }
  ],
  "supported-platforms" : {
    "circles" : [
      "watchOS"
    ],
    "squares" : "shared"
  }
}